,Username,Followers,Following,Repositories,DateCreated,UpdatedDate,,YearCreated,Users
1,macournoyer,939,51,55,1/14/2008,12/5/2017,,2007,2
2,evmar,324,10,74,3/26/2008,12/13/2017,,2008,203
3,slact,185,7,49,4/8/2008,12/14/2017,,2009,104
4,nikolasco,33,13,15,5/8/2008,8/14/2017,,2010,74
5,natan,69,7,24,5/17/2008,12/7/2017,,2011,31
6,graydon,1302,143,252,6/17/2008,10/22/2017,,2012,20
7,decklin,58,15,73,7/31/2008,11/4/2017,,2013,9
8,apparentlymart,230,38,197,8/10/2008,11/1/2017,,2014,13
9,DmitryBaranovskiy,2108,15,12,9/1/2008,8/25/2017,,2015,3
10,a2800276,64,4,53,11/20/2008,11/1/2017,,2016,3
11,frsyuki,782,12,97,12/16/2008,12/12/2017,,2017,0
12,tmpvar,784,95,359,1/15/2009,11/15/2017,,,
13,natfriedman,158,7,4,2/20/2009,11/28/2017,,,
14,dpacheco,14,0,0,3/31/2009,4/9/2015,,,
15,evanmiller,452,54,13,10/4/2009,11/21/2017,,,
16,premshree,22,0,12,11/5/2009,11/14/2017,,,
17,tobin,37,32,24,12/19/2009,12/1/2017,,,
18,piscisaureus,725,2,59,3/8/2010,12/9/2017,,,
19,rtsuk,33,1,12,6/25/2010,10/31/2017,,,
20,davepacheco,234,5,103,12/22/2010,11/27/2017,,,
21,HenryRawas,51,0,13,6/14/2011,8/14/2017,,,
22,divan,420,31,57,6/28/2011,11/27/2017,,,
23,MechCoder,200,46,97,6/19/2012,12/2/2017,,,
24,ryjm,13,1,21,7/30/2012,11/14/2017,,,
25,lisza,23,19,17,8/10/2012,10/31/2017,,,
26,KaimingHe,2328,0,2,3/12/2015,11/29/2017,,,
27,kbrsh,1061,49,132,11/4/2015,11/5/2017,,,
28,broady,521,28,105,9/17/2008,12/13/2017,,,
29,hanwen,187,6,20,10/28/2008,11/24/2017,,,
30,rui314,614,6,18,1/18/2009,12/12/2017,,,
31,nickoneill,323,47,50,1/27/2009,11/22/2017,,,
32,josharian,235,3,89,3/26/2009,10/19/2017,,,
33,nf,1540,13,48,4/17/2009,10/11/2017,,,
34,aboodman,141,8,29,5/3/2009,10/28/2017,,,
35,whitaker,41,2,2,5/6/2009,12/1/2017,,,
36,jbenet,1154,27,271,10/11/2009,12/5/2017,,,
37,CSEMike,36,4,6,11/11/2009,11/10/2017,,,
38,remyoudompheng,101,1,36,1/2/2010,11/17/2017,,,
39,dpup,227,30,27,2/19/2010,11/27/2017,,,
40,summerwind,84,87,36,3/25/2010,11/22/2017,,,
41,mcmanus,27,0,18,4/30/2010,12/12/2017,,,
42,ality,100,26,7,8/2/2010,11/8/2017,,,
43,tatsuhiro-t,480,2,34,9/17/2010,11/25/2017,,,
44,saljam,41,24,30,4/25/2011,11/24/2017,,,
45,RLH,68,1,3,8/10/2011,11/6/2017,,,
46,wathiede,73,2,46,9/12/2011,11/21/2017,,,
47,aclements,704,7,31,10/31/2012,9/15/2017,,,
48,ianlancetaylor,363,0,5,1/5/2013,12/13/2017,,,
49,bcmills,69,0,2,8/10/2013,11/17/2017,,,
50,randall77,120,0,15,3/8/2014,12/4/2017,,,
51,PresidentObamaBot,3347,0,0,3/14/2014,6/6/2017,,,
52,4a6f656c,72,0,4,7/12/2014,11/8/2017,,,
53,griesemer,644,0,4,8/23/2014,11/21/2017,,,
54,ken,2317,0,0,11/26/2014,11/21/2017,,,
55,mojombo,20659,11,59,10/20/2007,11/27/2017,,,
56,defunkt,16610,208,107,10/20/2007,11/13/2017,,,
57,pjhyett,8192,30,8,1/7/2008,9/16/2017,,,
58,technoweenie,2404,17,165,1/14/2008,12/4/2017,,,
59,atmos,1062,165,168,1/22/2008,12/9/2017,,,
60,bmizerany,1143,19,154,1/24/2008,12/14/2017,,,
61,jnewland,569,83,101,1/25/2008,12/9/2017,,,
62,schacon,11742,24,185,1/27/2008,12/5/2017,,,
63,benburkert,154,7,124,1/28/2008,12/4/2017,,,
64,sr,474,193,125,1/29/2008,11/14/2017,,,
65,josh,2054,57,40,2/3/2008,12/8/2017,,,
66,ryanb,7005,94,52,2/7/2008,8/28/2017,,,
67,mtodd,431,289,138,2/11/2008,11/30/2017,,,
68,maddox,599,5,108,2/13/2008,11/20/2017,,,
69,rtomayko,2082,100,26,2/19/2008,11/24/2017,,,
70,eric,192,41,181,2/20/2008,12/7/2017,,,
71,nakajima,644,117,122,2/20/2008,12/6/2017,,,
72,probablycorey,533,1,40,2/21/2008,11/1/2017,,,
73,tekkub,6464,3,18,2/23/2008,8/25/2017,,,
74,ericflo,747,225,52,2/27/2008,9/15/2017,,,
75,paulca,189,19,90,2/27/2008,11/3/2017,,,
76,bryanveloso,513,149,82,2/27/2008,9/3/2017,,,
77,kneath,1078,37,32,2/28/2008,11/21/2017,,,
78,paulcbetts,1535,2,248,2/28/2008,12/11/2017,,,
79,chriseppstein,1258,24,110,2/29/2008,11/15/2017,,,
80,pedro,226,0,92,3/5/2008,12/7/2017,,,
81,tmm1,2030,118,204,3/8/2008,12/2/2017,,,
82,jbarnette,711,73,72,3/14/2008,11/22/2017,,,
83,demonbane,71,11,41,4/15/2008,8/26/2017,,,
84,webandy,52,60,0,4/22/2008,2/26/2016,,,
85,wycats,8596,4,201,1/12/2008,12/13/2017,,,
86,evanphx,1095,5,130,1/12/2008,12/13/2017,,,
87,bkeepers,1178,49,151,2/9/2008,12/2/2017,,,
88,norbauer,20,0,11,2/12/2008,8/14/2017,,,
89,jeremy,1004,129,82,2/13/2008,12/12/2017,,,
90,jnunemaker,1497,209,68,2/13/2008,12/12/2017,,,
91,daveliu,37,19,24,2/25/2008,11/13/2017,,,
92,FooBarWidget,525,0,67,2/25/2008,11/3/2017,,,
93,sunfmin,134,93,103,2/27/2008,12/14/2017,,,
94,mbleigh,716,32,128,2/27/2008,8/14/2017,,,
95,antage,36,18,47,2/27/2008,11/20/2017,,,
96,mitchellh,5421,0,89,2/27/2008,11/20/2017,,,
97,ashchan,450,37,45,2/28/2008,11/15/2017,,,
98,scrooloose,1125,20,48,2/29/2008,10/3/2017,,,
99,maccman,3492,105,214,3/4/2008,12/13/2017,,,
100,sstephenson,3084,17,65,3/8/2008,8/23/2017,,,
101,dhh,11018,0,21,3/10/2008,12/11/2017,,,
102,maxime,59,12,25,3/11/2008,12/12/2017,,,
103,mperham,1601,14,88,3/12/2008,11/29/2017,,,
104,fnando,1438,11,177,3/13/2008,11/24/2017,,,
105,tenderlove,6339,20,250,3/14/2008,11/18/2017,,,
106,nowa,102,13,67,3/25/2008,12/13/2017,,,
107,kaichen,173,267,42,3/28/2008,11/25/2017,,,
108,jlong,258,9,69,3/31/2008,12/4/2017,,,
109,al3x,1032,54,49,2/7/2008,12/1/2017,,,
110,jchris,567,39,134,2/13/2008,12/3/2017,,,
111,gnosek,70,1,45,3/22/2008,11/29/2017,,,
112,janl,1403,121,163,5/23/2008,11/27/2017,,,
113,dcramer,1758,8,156,9/8/2008,11/29/2017,,,
114,dazuiba,82,47,84,11/8/2008,9/20/2017,,,
115,jverkoey,1364,6,46,1/11/2009,11/21/2017,,,
116,finiteloop,619,1,7,2/27/2009,12/1/2017,,,
117,codylindley,740,147,82,8/14/2009,11/29/2017,,,
118,jeffkaufman,173,3,47,5/2/2010,11/10/2017,,,
119,alanhamlett,4146,54,63,12/14/2010,10/3/2017,,,
120,madeye,2716,23,30,2/20/2011,12/4/2017,,,
121,clowwindy,10753,36,51,9/23/2011,8/14/2017,,,
122,codahale,1576,0,93,2/13/2008,9/5/2017,,,
123,auser,789,171,292,2/20/2008,12/7/2017,,,
124,michaelmelanson,18,7,23,2/27/2008,12/9/2017,,,
125,rubbish,60,18,86,2/28/2008,11/22/2017,,,
126,seancribbs,307,0,104,2/29/2008,11/26/2017,,,
127,dustin,892,19,230,2/29/2008,12/1/2017,,,
128,tim,84,65,18,3/11/2008,11/23/2017,,,
129,archaelus,173,33,88,3/22/2008,10/16/2017,,,
130,hntrmrrs,89,40,5,4/1/2008,12/9/2017,,,
131,moonpolysoft,262,3,64,4/2/2008,8/23/2017,,,
132,JonGretar,65,55,42,4/4/2008,12/3/2017,,,
133,etnt,116,40,55,4/8/2008,12/5/2017,,,
134,keymone,36,14,58,4/13/2008,12/12/2017,,,
135,kuenishi,129,61,55,5/25/2008,11/6/2017,,,
136,filippo,13,12,10,5/25/2008,12/4/2017,,,
137,emqplus,234,16,3,5/29/2008,11/29/2017,,,
138,yariv,106,2,9,5/31/2008,11/28/2017,,,
139,ngerakines,274,78,141,5/31/2008,12/12/2017,,,
140,kevsmith,163,3,83,6/13/2008,11/29/2017,,,
141,Arbow,5,3,7,6/17/2008,10/16/2017,,,
142,kocolosk,62,0,22,7/10/2008,11/28/2017,,,
143,raycmorgan,93,18,51,10/7/2008,10/15/2017,,,
144,rustyio,172,3,10,10/14/2008,10/16/2017,,,
145,RJ,434,23,93,10/18/2008,11/20/2017,,,
146,videlalvaro,740,60,84,10/24/2008,10/28/2017,,,
147,daleharvey,378,1,88,12/2/2008,12/9/2017,,,
148,agladysh,125,444,61,12/4/2008,12/4/2017,,,
149,abecciu,113,418,30,12/7/2008,8/14/2017,,,
150,x6j8x,20,6,16,12/9/2008,12/5/2017,,,
151,jamesgolick,586,30,110,1/19/2008,8/14/2017,,,
152,stevedekorte,567,14,12,2/3/2008,9/13/2017,,,
153,atduskgreg,535,39,223,2/8/2008,9/5/2017,,,
154,ELLIOTTCABLE,326,713,144,2/13/2008,12/12/2017,,,
155,evan,169,0,56,2/13/2008,9/13/2017,,,
156,tpope,9338,21,86,2/18/2008,8/14/2017,,,
157,kangax,2468,16,73,2/18/2008,12/6/2017,,,
158,voodootikigod,586,100,122,2/19/2008,12/12/2017,,,
159,judofyr,301,53,145,2/20/2008,11/10/2017,,,
160,mikeal,3403,21,308,2/21/2008,11/18/2017,,,
161,progrium,2906,28,192,2/22/2008,12/10/2017,,,
162,lstoll,184,5,196,2/23/2008,12/12/2017,,,
163,mde,443,10,39,2/24/2008,12/1/2017,,,
164,alex,3951,41,370,2/24/2008,12/13/2017,,,
165,weepy,111,22,72,2/25/2008,12/5/2017,,,
166,soveran,699,3,96,2/26/2008,12/2/2017,,,
167,brianleroux,1177,624,169,2/26/2008,12/12/2017,,,
168,quirkey,469,40,102,2/27/2008,10/3/2017,,,
169,benhiller,69,17,8,2/27/2008,9/14/2017,,,
170,harryf,52,28,16,2/27/2008,11/28/2017,,,
171,mikewest,362,68,114,2/28/2008,12/12/2017,,,
172,jeresig,14221,29,101,2/28/2008,11/26/2017,,,
173,markjeee,37,15,70,3/3/2008,12/12/2017,,,
174,sah,74,56,22,3/3/2008,12/8/2017,,,
175,wuzhe,73,146,34,2/19/2008,11/28/2017,,,
176,weavejester,1039,6,139,4/28/2008,12/8/2017,,,
177,dcolthorp,32,0,29,4/30/2008,12/6/2017,,,
178,josevalim,7248,2,28,5/7/2008,12/2/2017,,,
179,litaocheng,118,55,8,6/2/2008,8/14/2017,,,
180,hjiang,193,14,36,7/27/2008,12/9/2017,,,
181,tj,32457,46,275,9/18/2008,11/19/2017,,,
182,richhickey,3511,0,9,11/12/2008,9/1/2017,,,
183,hiredman,92,12,140,11/22/2008,8/14/2017,,,
184,stonegao,167,1649,131,12/22/2008,11/26/2017,,,
185,sander,14,7,82,1/4/2009,11/25/2017,,,
186,niedhui,23,34,53,3/24/2009,12/4/2017,,,
187,trawor,361,8,39,4/9/2009,12/7/2017,,,
188,aravind,20,0,14,5/22/2009,8/14/2017,,,
189,grammati,15,2,59,6/12/2009,10/12/2017,,,
190,jonase,122,17,57,7/2/2009,12/7/2017,,,
191,nathanmarz,2970,8,53,9/25/2009,10/17/2017,,,
192,Engelberg,138,0,16,10/12/2009,9/6/2017,,,
193,zhuangxm,16,15,27,2/9/2010,10/23/2017,,,
194,sunng87,473,99,87,3/13/2010,11/19/2017,,,
195,moonranger,109,52,33,5/31/2010,10/2/2017,,,
196,doubaokun,100,163,484,6/24/2010,11/14/2017,,,
197,monadbobo,166,21,44,7/14/2010,10/26/2017,,,
198,ym,175,74,121,8/3/2010,12/14/2017,,,
199,ahiguti,96,0,6,8/14/2010,11/26/2017,,,
200,xushiwei,911,41,267,9/13/2010,12/9/2017,,,
201,lbt05,23,26,52,10/11/2010,10/31/2017,,,
202,mootoh,165,47,72,3/7/2008,12/13/2017,,,
203,liwei,28,38,23,5/2/2008,12/10/2017,,,
204,takuma104,164,28,15,5/19/2008,10/18/2017,,,
205,livid,1838,13,8,5/25/2008,10/23/2017,,,
206,roamlog,24,8,11,7/24/2008,10/14/2017,,,
207,BRMatt,106,27,46,8/12/2008,11/9/2017,,,
208,samsoir,165,46,45,10/7/2008,11/21/2017,,,
209,fredwu,1009,66,105,10/31/2008,12/11/2017,,,
210,cxa,205,31,59,11/1/2008,12/8/2017,,,
211,tualatrix,1032,115,74,11/21/2008,11/23/2017,,,
212,lzyy,1385,30,38,11/22/2008,11/24/2017,,,
213,chunzi,150,134,27,11/27/2008,12/1/2017,,,
214,kishikawakatsumi,1311,38,68,12/15/2008,12/6/2017,,,
215,tzangms,250,78,40,3/4/2009,11/15/2017,,,
216,JakeWharton,42183,12,89,3/24/2009,11/20/2017,,,
217,ccdjh,6,4,7,4/11/2009,9/10/2017,,,
218,CNBorn,145,132,24,5/5/2009,11/15/2017,,,
219,omz,863,8,12,5/8/2009,12/12/2017,,,
220,makestory,21,15,1,6/3/2009,8/14/2017,,,
221,al-the-x,99,8,50,6/16/2009,12/6/2017,,,
222,Yahasana,22,2,34,6/21/2009,11/29/2017,,,
223,fengjing,15,31,24,7/22/2009,11/10/2017,,,
224,addyosmani,27688,253,295,8/1/2009,12/11/2017,,,
225,MugunthKumar,1266,25,41,9/22/2009,12/9/2017,,,
226,tokudu,208,8,9,11/11/2009,9/17/2017,,,
227,grp,1003,113,40,12/6/2009,11/20/2017,,,
228,mhb0925,15,32,10,12/18/2009,11/27/2017,,,
229,milescui,13,5,4,1/28/2010,12/9/2017,,,
230,sergeylenkov,25,0,16,2/10/2010,11/21/2017,,,
231,robey,496,15,55,2/8/2008,11/23/2017,,,
232,perusio,284,10,127,12/11/2008,9/16/2017,,,
233,agentzh,7434,3,63,2/20/2009,11/25/2017,,,
234,etexteditor,74,0,1,4/1/2009,8/14/2017,,,
235,derekcollison,399,15,13,5/30/2009,12/8/2017,,,
236,rzwitserloot,147,6,11,6/8/2009,11/16/2017,,,
237,mdo,15629,1,41,6/25/2009,12/7/2017,,,
238,joearms,1644,0,34,6/29/2009,12/2/2017,,,
239,szegedi,112,4,3,9/3/2009,12/14/2017,,,
240,dcaoyuan,625,6,29,5/9/2010,12/13/2017,,,
241,armon,1235,8,32,1/31/2011,12/12/2017,,,
242,cloudwu,10938,1,101,4/14/2011,12/13/2017,,,
243,litesuits,2434,49,94,3/22/2013,11/22/2017,,,
244,java-decompiler,638,0,5,3/23/2015,11/24/2017,,,
245,tencent-wechat,2114,1,2,3/14/2016,10/10/2017,,,
246,robhudson,331,85,106,2/27/2008,12/14/2017,,,
247,jezdez,1692,107,54,2/28/2008,12/13/2017,,,
248,huacnlee,3555,156,75,4/7/2008,11/21/2017,,,
249,winfield,35,16,45,4/12/2008,11/25/2017,,,
250,lgn21st,518,160,83,4/13/2008,11/20/2017,,,
251,mattt,13850,130,58,4/17/2008,11/26/2017,,,
252,sishen,597,54,54,5/22/2008,11/19/2017,,,
253,pmq20,531,566,197,6/11/2008,12/6/2017,,,
254,phuang,160,12,43,7/3/2008,10/20/2017,,,
255,feelinglucky,679,0,25,8/25/2008,12/11/2017,,,
256,est,58,13,66,9/7/2008,12/4/2017,,,
257,lidaobing,493,111,60,10/4/2008,11/1/2017,,,
258,philn,31,43,29,11/12/2008,12/12/2017,,,
259,hlxwell,87,49,57,12/9/2008,12/8/2017,,,
260,billy3321,153,37,94,12/25/2008,11/16/2017,,,
261,bbbush,16,15,32,1/10/2009,10/13/2017,,,
262,lovelywcm,88,5,4,1/14/2009,10/22/2017,,,
263,garnacho,15,0,8,1/15/2009,8/15/2017,,,
264,luosheng,81,40,57,1/16/2009,12/5/2017,,,
265,chloerei,2540,25,43,1/28/2009,12/7/2017,,,
266,hayeah,566,17,249,1/29/2009,12/12/2017,,,
267,tianyicui,1169,166,60,2/9/2009,12/14/2017,,,
268,iven,103,19,44,2/20/2009,11/18/2017,,,
269,albert748,16,18,9,2/24/2009,12/1/2017,,,
270,frankyue,37,16,13,2/27/2009,11/28/2017,,,
271,wayneeseguin,670,16,97,1/13/2008,12/11/2017,,,
272,jinzhu,1016,11,75,4/12/2008,12/5/2017,,,
273,bfirsh,1015,92,167,12/17/2008,12/7/2017,,,
274,yole,946,0,49,1/14/2009,11/22/2017,,,
275,joshlong,3492,58,297,2/14/2009,12/14/2017,,,
276,antirez,8676,3,56,3/21/2009,12/4/2017,,,
277,costin,169,0,18,4/21/2009,11/7/2017,,,
278,dsyer,1447,3,223,9/7/2009,12/2/2017,,,
279,olivergierke,1594,31,69,9/18/2009,12/11/2017,,,
280,sdeleuze,368,8,143,10/17/2009,12/13/2017,,,
281,clayallsopp,490,0,95,11/15/2009,12/5/2017,,,
282,philwebb,780,22,111,12/12/2010,11/2/2017,,,
283,operator-zz,2,0,0,1/24/2011,2/26/2016,,,
284,svtk,336,0,35,2/17/2012,11/30/2017,,,
285,mstahv,365,6,166,2/27/2012,11/13/2017,,,
286,wenerme,41,7,101,5/25/2012,11/18/2017,,,
287,dchen1107,109,5,11,5/29/2014,7/7/2017,,,
288,jjgod,499,8,50,2/27/2008,12/11/2017,,,
289,joshaber,1651,37,38,6/15/2008,12/12/2017,,,
290,0xced,936,28,152,2/3/2009,11/21/2017,,,
291,steipete,3386,66,42,2/27/2009,11/23/2017,,,
292,mxcl,3471,24,44,2/28/2009,11/26/2017,,,
293,robrix,822,10,159,3/3/2009,12/7/2017,,,
294,zellux,535,20,48,5/13/2009,11/3/2017,,,
295,egonSchiele,1049,67,89,6/20/2009,11/25/2017,,,
296,overboming,77,18,7,7/29/2009,12/13/2017,,,
297,ohdarling,537,11,45,8/27/2009,11/19/2017,,,
298,dismory,114,36,7,10/21/2009,10/31/2017,,,
299,chrisyip,107,43,64,1/25/2010,11/19/2017,,,
300,robb,1353,101,96,2/28/2010,12/4/2017,,,
301,lexrus,2939,435,31,3/10/2010,11/30/2017,,,
302,Leask,210,82,98,3/30/2010,11/24/2017,,,
303,cyfdecyf,940,26,67,7/26/2010,11/24/2017,,,
304,fannheyward,133,202,25,7/27/2010,10/27/2017,,,
305,mikeash,3019,0,50,7/31/2010,11/13/2017,,,
306,indragiek,859,137,60,8/3/2010,11/27/2017,,,
307,Naituw,512,23,41,8/4/2010,12/9/2017,,,
308,zedshaw,2744,0,27,8/9/2010,12/10/2017,,,
309,jspahrsummers,2435,102,53,10/8/2010,12/2/2017,,,
310,nixzhu,1535,1,46,10/11/2010,11/1/2017,,,
311,waynezhang,127,17,32,11/13/2010,12/6/2017,,,
312,romaonthego,1817,32,27,11/14/2010,10/13/2017,,,
313,yyx990803,24643,89,132,11/28/2010,11/1/2017,,,
314,bmabey,198,25,137,2/29/2008,12/8/2017,,,
315,stuarthalloway,817,1,59,3/8/2008,8/30/2017,,,
316,tobias,94,0,180,3/9/2008,11/20/2017,,,
317,aphyr,2895,2,96,3/25/2008,10/16/2017,,,
318,pjstadig,55,12,124,4/7/2008,11/7/2017,,,
319,josephwilk,407,10,103,5/9/2008,12/13/2017,,,
320,jboner,1074,7,27,5/18/2008,11/13/2017,,,
321,fogus,1136,48,21,6/4/2008,10/1/2017,,,
322,swannodette,3085,128,137,6/12/2008,12/1/2017,,,
323,killme2008,1208,49,119,6/18/2008,10/11/2017,,,
324,dakrone,312,20,147,7/31/2008,12/11/2017,,,
325,ztellman,1025,46,39,10/27/2008,11/1/2017,,,
326,cemerick,465,1,101,1/18/2009,8/22/2017,,,
327,shenjunru,27,40,16,4/8/2009,12/4/2017,,,
328,stuartsierra,551,0,67,6/13/2009,11/11/2017,,,
329,jafingerhut,51,0,53,7/28/2009,12/9/2017,,,
330,brandonbloom,257,147,160,8/25/2009,11/29/2017,,,
331,ptaoussanis,462,46,50,11/30/2009,11/30/2017,,,
332,brentonashworth,139,0,9,12/3/2009,11/14/2017,,,
333,krasserm,276,0,29,2/13/2010,11/26/2017,,,
334,mylesmegyesi,33,0,49,2/22/2010,12/8/2017,,,
335,mikera,297,51,88,2/27/2010,9/27/2017,,,
336,wagjo,19,0,42,4/5/2010,12/1/2017,,,
337,qiuxiafei,94,29,12,5/2/2010,12/14/2017,,,
338,tnc,23,0,5,5/11/2010,7/25/2017,,,
339,xumingming,783,47,108,8/29/2010,12/10/2017,,,
340,hotoo,1070,209,164,10/23/2009,11/10/2017,,,
341,kejinlu,678,18,41,11/24/2009,11/8/2017,,,
342,samvermette,1395,0,9,5/5/2010,12/4/2017,,,
343,lepture,6104,76,168,5/29/2010,11/19/2017,,,
344,gaowhen,71,13,14,7/26/2010,12/12/2017,,,
345,shaoshuai0102,133,50,25,10/27/2010,11/12/2017,,,
346,ppanyong,10,1,31,11/17/2010,11/24/2017,,,
347,levey,1002,32,64,2/21/2011,12/13/2017,,,
348,keefo,355,81,102,5/25/2011,12/11/2017,,,
349,wsvn53,54,27,13,7/13/2011,12/5/2017,,,
350,nzakas,6246,0,48,12/5/2008,9/3/2017,,,
351,shawphy,176,18,10,12/18/2008,12/11/2017,,,
352,fitzgen,568,141,194,4/16/2009,12/13/2017,,,
353,yiminghe,2028,85,53,2/10/2010,12/11/2017,,,
354,csnover,468,0,60,3/24/2010,10/30/2017,,,
355,BYVoid,8838,125,38,4/16/2010,10/9/2017,,,
356,douglascrockford,15913,0,14,5/2/2010,11/28/2017,,,
357,nathanacurtis,34,2,2,11/1/2011,12/11/2017,,,
358,evancz,3301,0,44,4/19/2012,11/29/2017,,,
359,joyeecheung,2574,68,70,4/30/2013,11/29/2017,,,
360,livoras,1128,41,100,1/18/2014,11/14/2017,,,
361,bradfitz,4600,27,80,3/9/2008,12/11/2017,,,
362,davecheney,2222,37,185,4/14/2008,12/13/2017,,,
363,yuin,123,0,19,2/21/2009,8/14/2017,,,
364,BohuTANG,291,24,7,12/26/2009,11/23/2017,,,
365,codegangsta,1441,22,45,1/8/2010,10/10/2017,,,
366,ccl0326,28,526,96,7/9/2011,10/20/2017,,,
367,xiaohanyu,332,98,31,11/1/2011,11/15/2017,,,
368,lichuang,346,260,29,7/18/2012,10/19/2017,,,
369,spacewander,116,21,62,4/15/2013,12/6/2017,,,
370,olabini,437,12,46,4/10/2008,12/12/2017,,,
371,yugui,482,14,46,4/22/2008,11/14/2017,,,
372,eto,41,21,6,4/25/2008,12/12/2017,,,
373,ko1,630,0,38,5/7/2008,10/29/2017,,,
374,koichiro,146,75,31,5/8/2008,11/14/2017,,,
375,headius,931,4,161,5/13/2008,11/27/2017,,,
376,authorNari,220,56,81,7/29/2008,8/14/2017,,,
377,miura1729,65,59,26,8/2/2008,8/14/2017,,,
378,AdamSpitz,20,1,5,11/17/2008,11/7/2017,,,
379,brettcannon,436,1,77,2/14/2009,12/10/2017,,,
380,chaoslawful,1292,7,32,2/21/2009,11/22/2017,,,
381,luikore,474,39,49,6/13/2009,12/7/2017,,,
382,krestenkrab,230,27,78,10/9/2009,12/13/2017,,,
383,andreasgal,394,0,65,6/24/2010,10/31/2017,,,
384,SaitoWu,394,33,21,7/30/2010,11/23/2017,,,
385,changm,18,1,35,8/30/2011,8/3/2017,,,
386,aamine,127,1,17,5/3/2012,11/22/2017,,,
387,stefmoon,3,0,3,9/4/2012,6/28/2017,,,
388,pjBooms,17,22,14,11/12/2012,11/14/2017,,,
389,gafter,149,56,10,3/8/2013,12/9/2017,,,
390,stevenknown,35,1,7,7/26/2014,11/4/2017,,,
391,vancem,94,0,17,8/15/2014,10/17/2017,,,
392,russellhadley,31,1,10,11/21/2014,9/30/2017,,,
393,AndyAyersMS,107,0,11,12/8/2014,9/29/2017,,,
394,cmckinsey,14,0,4,12/21/2014,5/20/2017,,,
395,shawnchain,41,4,19,1/11/2009,11/9/2017,,,
396,QuChao,53,10,6,4/9/2009,12/6/2017,,,
397,b123400,98,60,99,9/15/2009,12/6/2017,,,
398,uliwitness,276,20,109,11/28/2009,10/10/2017,,,
399,yyfrankyy,150,7,13,3/31/2010,12/11/2017,,,
400,be5invis,1389,33,47,4/9/2010,12/9/2017,,,
401,fqrouter,784,0,36,4/10/2011,12/1/2017,,,
402,Yonsm,165,1,28,4/16/2012,11/10/2017,,,
403,nunonunes,33,17,13,3/4/2008,12/7/2017,,,
404,Madril,13,32,3,12/16/2009,12/9/2017,,,
405,smpb,31,31,15,12/16/2009,12/3/2017,,,
406,wisewolf,9,13,6,6/25/2010,12/5/2017,,,
407,ppinheiro76,8,0,0,10/10/2010,2/6/2017,,,
408,jponge,138,58,68,9/23/2008,12/1/2017,,,
409,thatcher,106,7,52,10/9/2008,12/8/2017,,,
410,cretz,86,46,61,2/19/2010,12/5/2017,,,
411,Filirom1,66,32,205,6/3/2010,12/1/2017,,,
412,rstoyanchev,767,0,82,9/16/2010,12/7/2017,,,
413,worldlinexx,2,0,0,7/24/2012,2/27/2016,,,
414,dbellemin,3,3,6,9/7/2012,10/2/2017,,,
415,ABoissezon,2,6,0,2/16/2016,6/2/2016,,,
416,tigerlyb,10,7,16,1/10/2013,12/12/2017,,,
417,irinacheng,2,1,5,3/31/2014,12/13/2017,,,
418,Absl,3,0,0,4/18/2016,12/2/2017,,,
419,TheRealKerni,270,16,5,12/22/2008,11/18/2017,,,
420,steventroughtonsmith,612,7,49,1/8/2009,12/13/2017,,,
421,HansPinckaers,87,8,26,4/5/2009,12/4/2017,,,
422,mattgemmell,1521,0,29,10/26/2009,8/14/2017,,,
423,yihui,4042,47,83,12/7/2009,12/1/2017,,,
424,Perspx,176,69,8,12/21/2009,8/14/2017,,,
425,bentford,28,10,15,3/5/2010,10/27/2017,,,
426,odrobnik,991,3,17,7/15/2010,11/27/2017,,,
427,kentnguyen,229,2,8,11/21/2010,10/26/2017,,,
428,PrimaryFeather,391,5,11,1/4/2011,10/24/2017,,,
429,ibireme,9160,57,18,6/9/2011,12/14/2017,,,
430,jamztang,1061,98,56,6/15/2011,9/3/2017,,,
431,yebw,4,0,14,9/7/2011,12/7/2017,,,
432,mpospese,414,1,12,9/9/2011,12/5/2017,,,
433,JonasGessner,252,18,35,10/27/2011,10/16/2017,,,
434,missdora,32,11,22,11/10/2011,10/26/2017,,,
435,tracy-e,173,52,27,3/4/2012,12/9/2017,,,
436,jashkenas,11073,0,18,4/3/2008,12/1/2017,,,
437,ariya,2170,0,28,4/14/2008,12/5/2017,,,
438,isaacs,7679,2,371,5/4/2008,11/30/2017,,,
439,dexteryy,1019,107,67,12/28/2008,12/13/2017,,,
440,jollychang,169,44,67,3/17/2009,12/2/2017,,,
441,larme,17,8,22,3/25/2009,12/6/2017,,,
442,zzn2,12,11,31,8/8/2009,11/28/2017,,,
443,cliftonc,231,5,54,4/8/2010,11/23/2017,,,
444,lembacon,339,14,9,4/24/2010,11/20/2017,,,
445,soasme,100,437,95,8/19/2010,9/21/2017,,,
446,hongqn,711,11,50,9/18/2010,11/17/2017,,,
447,vim-scripts,3822,0,5207,10/18/2010,8/14/2017,,,
448,sprhawk,141,46,112,11/3/2010,11/25/2017,,,
449,houkanshan,139,108,45,3/8/2011,10/20/2017,,,
450,iwillwen,575,62,92,4/15/2011,11/16/2017,,,
451,matthew-andrews,306,42,138,6/2/2011,12/5/2017,,,
452,masakichi,28,71,33,7/18/2012,11/26/2017,,,
453,varstr,7,5,14,9/21/2012,10/25/2017,,,
454,Anthonyeef,47,193,96,2/1/2013,12/10/2017,,,
455,onestarshang,73,135,97,10/28/2013,11/21/2017,,,
456,greenisus,97,27,33,7/24/2008,8/23/2017,,,
457,soffes,3846,310,146,2/8/2009,12/14/2017,,,
458,thinkdevcode,6,2,37,1/13/2011,12/10/2017,,,
459,Marionumber1,27,2,6,5/8/2011,9/28/2017,,,
460,jesseXu,32,23,16,7/1/2011,12/10/2017,,,
461,rhyzx,54,50,44,4/25/2012,11/15/2017,,,
462,traintrackcn,2,1,28,10/25/2012,11/14/2017,,,
